<?xml version="1.0" encoding="utf-8" ?>
<rss version="2.0"
	xmlns:content="http://purl.org/rss/1.0/modules/content/"
	xmlns:dc="http://purl.org/dc/elements/1.1/"
	xmlns:sy="http://purl.org/rss/1.0/modules/syndication/"
	xmlns:atom="http://www.w3.org/2005/Atom">
    <channel>
		<title>John Smith photography</title>
		<link>http://example.com/</link>
		<pubDate>Thu, 30 Jun 2011 08:25:00 -0900</pubDate>
		<dc:creator>Dr. Leslie Sikos</dc:creator>
		<description>The news feed of Alaskan photographer John Smith.</description>
		<lastBuildDate>Fri, 10 Feb 2012 14:47:00 -0900</lastBuildDate>
		<language>en-US</language>
		<sy:updatePeriod>daily</sy:updatePeriod>
		<sy:updateFrequency>1</sy:updateFrequency>
		<atom:link href="http://www.lesliesikos.com/sikos.xml" rel="self" type="application/rss+xml" />

		<!-- This is the section that can be copy-pasted and then modified each time the feed channel is updated with the latest news. The next news should be provided before the latest one, i.e., earlier in the source code. -->
		<item>
		  <title>Photo exhibition</title>
		  <link>http://example.com/events/</link>
		  <pubDate>Fri, 10 Feb 2012 14:47:00 -0900</pubDate>
		  <dc:creator>John Smith</dc:creator>
		  <category>Events</category>
		  <guid>http://example.com/events/</guid>
		  <description>Best shots of 2011</description>
		  <content:encoded><![CDATA[ My photo exhibition <a href="http://example.com/events/">Best shots of 2011</a> takes place at the Moose Hotel in Anchorage, AK, USA on 17–18 February 2012. ]]></content:encoded>
		</item>
		
  </channel>
</rss>