<?xml version="1.0" encoding="utf-8" ?>
<sample>
	<caption>Listing 3-11. Unescaped script content</caption> 
	<body>
	
	<!-- Listing 3-11 -->
	<![CDATA[ This is a demonstration of Listing 3-11 of the book <a href="http://www.masteringhtml5css3.com">Web standards – Mastering HTML5, CSS3, and XML</a>. The following script is unescaped, so the less than sign is rendered as text by XML parsers. The same script without unescape will result in an error message.
	
			<script type="text/javascript">
			
				function fourdigits(number) { 
					return (number < 1000) ? number + 1900 : number; 
				}
				
				var now = new Date();
				var cyear = fourdigits(now.getYear());

			</script>
	]]>
	<!-- End of Listing -->
	
	</body>
</sample>