<?xml version="1.0" encoding="utf-8" ?>
<rss version="2.0"
	xmlns:content="http://purl.org/rss/1.0/modules/content/"
	xmlns:dc="http://purl.org/dc/elements/1.1/"
	xmlns:sy="http://purl.org/rss/1.0/modules/syndication/"
	xmlns:atom="http://www.w3.org/2005/Atom">
    <channel>
		<title>An RSS news feed example</title>
		<link>http://www.example.com</link>
		<pubDate>Mon, 08 Aug 2011 08:03:00 +0200</pubDate>
		<image><url>http://www.example.com/images/logo.png</url>
		<title>An RSS news feed example</title><link>http://www.example.com</link></image>	
		<dc:creator>Dr. Leslie Sikos</dc:creator>
		<description>The news feed of John Smith. Research, conferences, and more.</description>
		<language>en</language>
		<sy:updatePeriod>daily</sy:updatePeriod>
		<sy:updateFrequency>1</sy:updateFrequency>
		<atom:link href="http://www.example.com/rss.xml" rel="self" type="application/rss+xml" />
		<item>
		  <title>Bonus materials uploaded</title>
		  <link>http://www.masteringhtml5css3.com</link>
		  <pubDate>Mon, 08 Aug 2011 08:03:00 +0200</pubDate>
		  <dc:creator>Dr. Leslie Sikos</dc:creator>
		  <category>Code samples</category>
		  <guid>http://www.masteringhtml5css3.com</guid>
		  <description>New code samples to download</description>
		  <content:encoded>New code samples are available on the website of the book “Web Standards – Mastering HTML5, CSS3, and XML”.</content:encoded>
		</item>
		<item>
		  <title>New contents on lesliesikos.com</title>
		  <link>http://www.lesliesikos.com/tutorials/</link>
		  <pubDate>Sun, 07 Aug 2011 08:48:00 +0200</pubDate>
		  <dc:creator>Dr. Leslie Sikos</dc:creator>
		  <category>Tutorials</category>
		  <guid>http://www.lesliesikos.com/tutorials/</guid>
		  <description>New HTML5 and CSS3 tutorials</description>
		  <content:encoded><![CDATA[ New <a href="http://www.lesliesikos.com/tutorials/">HTML5 and CSS3 tutorials</a> have been published by <a href="http://www.lesliesikos.com">Dr. Leslie F. Sikos</a>. ]]></content:encoded>
		</item>
  </channel>
</rss>