<?xml version="1.0" encoding="utf-8" ?>
<rss version="2.0"
	xmlns:content="http://purl.org/rss/1.0/modules/content/"
	xmlns:dc="http://purl.org/dc/elements/1.1/"
	xmlns:sy="http://purl.org/rss/1.0/modules/syndication/"
	xmlns:atom="http://www.w3.org/2005/Atom">
    <channel>
		<title>An RSS news feed example</title>
		<link>http://www.example.com</link>
		<pubDate>Mon, 08 Aug 2011 08:03:00 +0200</pubDate>	<!-- This element content should always be updated with the publication date of the latest news item -->
		<image><url>http://www.example.com/images/logo.png</url>
		<title>An RSS news feed example</title><link>http://www.example.com</link></image>	
		<dc:creator>Dr. Leslie Sikos</dc:creator>
		<description>The news feed of John Smith. Research, conferences, and more.</description>
		<language>en</language>
		<sy:updatePeriod>daily</sy:updatePeriod>
		<sy:updateFrequency>1</sy:updateFrequency>
		<atom:link href="http://www.example.com/rss.xml" rel="self" type="application/rss+xml" />

		<!-- A new item can be added to the channel by simply copy-pasting the latest news item below -->
		<item>
		  <title>News item 2</title>
		  <link>http://www.news2link.com</link>
		  <pubDate>Mon, 08 Aug 2011 08:03:00 +0200</pubDate>
		  <dc:creator>Dr. Leslie Sikos</dc:creator>
		  <category>Conferences</category>
		  <guid>http://www.news2link.com</guid>
		  <description>Description of news item 2</description>
		  <content:encoded><![CDATA[ The full content of News #2. ]]></content:encoded>
		</item>
		<!-- End of latest news item -->

		<item>
		  <title>News item 1</title>
		  <link>http://www.news1link.com</link>
		  <pubDate>Sun, 07 Aug 2011 08:48:00 +0200</pubDate>
		  <dc:creator>Dr. Leslie Sikos</dc:creator>
		  <category>Books</category>
		  <guid>http://www.news1link.com</guid>
		  <description>A bit more about news 1</description>
		  <content:encoded><![CDATA[ The full content of News #1. <a href="http://lesliesikos.com/tutorials/">Markup code</a> can also be included. ]]></content:encoded>
		</item>
  </channel>
</rss>